date,home_team,away_team,home_score,away_score,home_xg,away_xg,season
2023-08-11 19:00:00,Burnley,Manchester City,0,3,0.311032,2.40074,2023-2024
2023-08-12 11:30:00,Arsenal,Nottingham Forest,2,1,0.84262,0.966305,2023-2024
2023-08-12 14:00:00,Bournemouth,West Ham,1,1,1.51025,1.4834,2023-2024
2023-08-12 14:00:00,Brighton,Luton,4,1,4.36748,1.88594,2023-2024
2023-08-12 14:00:00,Everton,Fulham,0,1,2.59001,1.58144,2023-2024
2023-08-12 14:00:00,Sheffield United,Crystal Palace,0,1,0.422704,2.27616,2023-2024
2023-08-12 16:30:00,Newcastle,Aston Villa,5,1,4.32208,1.486,2023-2024
2023-08-13 13:00:00,Brentford,Tottenham,2,2,1.90756,1.45316,2023-2024
2023-08-13 15:30:00,Chelsea,Liverpool,1,1,1.93258,1.29994,2023-2024
2023-08-14 19:00:00,Manchester United,Wolves,1,0,1.97087,1.72228,2023-2024
2023-08-18 18:45:00,Nottingham Forest,Sheffield United,2,1,1.37181,0.551038,2023-2024
2023-08-19 14:00:00,Wolves,Brighton,1,4,2.68821,3.15562,2023-2024
2023-08-19 14:00:00,Fulham,Brentford,0,3,0.399899,3.46888,2023-2024
2023-08-19 14:00:00,Liverpool,Bournemouth,3,1,3.25448,1.3867,2023-2024
2023-08-19 16:30:00,Tottenham,Manchester United,2,0,2.53904,2.44604,2023-2024
2023-08-19 19:00:00,Manchester City,Newcastle,1,0,1.22528,0.257154,2023-2024
2023-08-20 13:00:00,Aston Villa,Everton,4,0,3.24336,0.721465,2023-2024
2023-08-20 15:30:00,West Ham,Chelsea,3,1,1.71234,1.60916,2023-2024
2023-08-21 19:00:00,Crystal Palace,Arsenal,0,1,1.06916,2.20593,2023-2024
2023-08-25 19:00:00,Chelsea,Luton,3,0,3.41419,0.465741,2023-2024
2023-08-26 11:30:00,Bournemouth,Tottenham,0,2,0.483582,2.26115,2023-2024
2023-08-26 14:00:00,Arsenal,Fulham,2,2,3.23088,0.849817,2023-2024
2023-08-26 14:00:00,Brentford,Crystal Palace,1,1,0.948011,1.06061,2023-2024
2023-08-26 14:00:00,Everton,Wolves,0,1,1.89792,1.40228,2023-2024
2023-08-26 14:00:00,Manchester United,Nottingham Forest,3,2,3.02803,0.960354,2023-2024
2023-08-26 16:30:00,Brighton,West Ham,1,3,1.3743,2.9527,2023-2024
2023-08-27 13:00:00,Burnley,Aston Villa,1,3,0.630605,2.83691,2023-2024
2023-08-27 13:00:00,Sheffield United,Manchester City,1,2,0.762232,3.84804,2023-2024
2023-08-27 15:30:00,Newcastle,Liverpool,1,2,1.62037,0.856121,2023-2024
2023-09-01 19:00:00,Luton,West Ham,1,2,2.02244,1.22528,2023-2024
2023-09-02 11:30:00,Sheffield United,Everton,2,2,1.575,2.73871,2023-2024
2023-09-02 14:00:00,Manchester City,Fulham,5,1,2.00152,1.46427,2023-2024
2023-09-02 14:00:00,Brentford,Bournemouth,2,2,3.07185,2.11013,2023-2024
2023-09-02 14:00:00,Burnley,Tottenham,2,5,1.66604,2.39785,2023-2024
2023-09-02 14:00:00,Chelsea,Nottingham Forest,0,1,2.28442,1.1505,2023-2024
2023-09-02 16:30:00,Brighton,Newcastle,3,1,1.32258,0.90476,2023-2024
2023-09-03 13:00:00,Crystal Palace,Wolves,3,2,2.32935,1.13911,2023-2024
2023-09-03 13:00:00,Liverpool,Aston Villa,3,0,2.73138,0.615503,2023-2024
2023-09-03 15:30:00,Arsenal,Manchester United,3,1,1.90973,0.966109,2023-2024
2023-09-16 11:30:00,Wolves,Liverpool,1,3,0.538833,2.82701,2023-2024
2023-09-16 14:00:00,Tottenham,Sheffield United,2,1,2.15909,0.790655,2023-2024
2023-09-16 14:00:00,West Ham,Manchester City,1,3,0.895632,4.15046,2023-2024
2023-09-16 14:00:00,Aston Villa,Crystal Palace,3,1,2.31518,1.11696,2023-2024
2023-09-16 14:00:00,Fulham,Luton,1,0,1.75704,1.45705,2023-2024
2023-09-16 14:00:00,Manchester United,Brighton,1,3,0.719951,1.93908,2023-2024
2023-09-16 16:30:00,Newcastle,Brentford,1,0,1.50126,0.633678,2023-2024
2023-09-17 13:00:00,Bournemouth,Chelsea,0,0,1.32515,1.39677,2023-2024
2023-09-17 15:30:00,Everton,Arsenal,0,1,0.28317,0.802605,2023-2024
2023-09-18 18:45:00,Nottingham Forest,Burnley,1,1,0.705795,0.807651,2023-2024
2023-09-23 14:00:00,Luton,Wolves,1,1,2.24101,0.762984,2023-2024
2023-09-23 14:00:00,Manchester City,Nottingham Forest,2,0,1.33984,0.729109,2023-2024
2023-09-23 14:00:00,Crystal Palace,Fulham,0,0,0.37236,0.542678,2023-2024
2023-09-23 16:30:00,Brentford,Everton,1,3,1.57402,2.51497,2023-2024
2023-09-23 19:00:00,Burnley,Manchester United,0,1,0.935444,0.840273,2023-2024
2023-09-24 13:00:00,Chelsea,Aston Villa,0,1,1.19716,1.13479,2023-2024
2023-09-24 13:00:00,Brighton,Bournemouth,3,1,2.14533,1.58984,2023-2024
2023-09-24 13:00:00,Arsenal,Tottenham,2,2,2.3429,2.21166,2023-2024
2023-09-24 13:00:00,Liverpool,West Ham,3,1,4.14262,1.53878,2023-2024
2023-09-24 15:30:00,Sheffield United,Newcastle,0,8,0.579392,5.1082,2023-2024
2023-09-30 11:30:00,Aston Villa,Brighton,6,1,1.90746,1.72819,2023-2024
2023-09-30 14:00:00,Everton,Luton,1,2,3.65377,1.5102,2023-2024
2023-09-30 14:00:00,Manchester United,Crystal Palace,0,1,1.55408,1.19015,2023-2024
2023-09-30 14:00:00,Newcastle,Burnley,2,0,3.08516,0.801849,2023-2024
2023-09-30 14:00:00,Bournemouth,Arsenal,0,4,0.644443,4.0742,2023-2024
2023-09-30 14:00:00,West Ham,Sheffield United,2,0,3.19753,0.911997,2023-2024
2023-09-30 14:00:00,Wolves,Manchester City,2,1,0.673985,0.98075,2023-2024
2023-09-30 16:30:00,Tottenham,Liverpool,2,1,2.18823,1.12299,2023-2024
2023-10-01 13:00:00,Nottingham Forest,Brentford,1,1,0.800317,1.75862,2023-2024
2023-10-02 19:00:00,Fulham,Chelsea,0,2,0.889383,1.98461,2023-2024
2023-10-03 18:30:00,Luton,Burnley,1,2,1.53058,0.920206,2023-2024
2023-10-07 11:30:00,Luton,Tottenham,0,1,0.848118,2.37947,2023-2024
2023-10-07 14:00:00,Burnley,Chelsea,1,4,0.956642,1.97566,2023-2024
2023-10-07 14:00:00,Everton,Bournemouth,3,0,3.16482,0.981732,2023-2024
2023-10-07 14:00:00,Fulham,Sheffield United,3,1,2.26612,0.251809,2023-2024
2023-10-07 14:00:00,Manchester United,Brentford,2,1,1.29356,1.02509,2023-2024
2023-10-07 16:30:00,Crystal Palace,Nottingham Forest,0,0,0.982452,1.22105,2023-2024
2023-10-08 13:00:00,Brighton,Liverpool,2,2,2.23187,2.51029,2023-2024
2023-10-08 13:00:00,West Ham,Newcastle,2,2,0.931345,1.97865,2023-2024
2023-10-08 13:00:00,Wolves,Aston Villa,1,1,1.76232,1.81618,2023-2024
2023-10-08 15:30:00,Arsenal,Manchester City,1,0,0.386558,0.858071,2023-2024
2023-10-21 11:30:00,Liverpool,Everton,2,0,2.28568,0.0937725,2023-2024
2023-10-21 14:00:00,Bournemouth,Wolves,1,2,1.01839,2.30454,2023-2024
2023-10-21 14:00:00,Brentford,Burnley,3,0,3.15685,0.693129,2023-2024
2023-10-21 14:00:00,Manchester City,Brighton,2,1,0.962509,0.963733,2023-2024
2023-10-21 14:00:00,Newcastle,Crystal Palace,4,0,3.73336,1.08795,2023-2024
2023-10-21 14:00:00,Nottingham Forest,Luton,2,2,3.27549,1.49555,2023-2024
2023-10-21 16:30:00,Chelsea,Arsenal,2,2,1.71838,1.05791,2023-2024
2023-10-21 19:00:00,Sheffield United,Manchester United,1,2,1.41074,1.46187,2023-2024
2023-10-22 15:30:00,Aston Villa,West Ham,4,1,2.34143,0.659622,2023-2024
2023-10-23 19:00:00,Tottenham,Fulham,2,0,1.63523,0.745838,2023-2024
2023-10-27 19:00:00,Crystal Palace,Tottenham,1,2,0.561834,0.989103,2023-2024
2023-10-28 11:30:00,Chelsea,Brentford,0,2,1.71801,2.48137,2023-2024
2023-10-28 14:00:00,Bournemouth,Burnley,2,1,1.10052,0.90255,2023-2024
2023-10-28 14:00:00,Arsenal,Sheffield United,5,0,3.03496,0.0281554,2023-2024
2023-10-28 16:30:00,Wolves,Newcastle,2,2,0.863393,2.31987,2023-2024
2023-10-29 13:00:00,West Ham,Everton,0,1,0.618578,0.733813,2023-2024
2023-10-29 14:00:00,Aston Villa,Luton,3,1,3.07654,0.453117,2023-2024
2023-10-29 14:00:00,Brighton,Fulham,1,1,1.31996,0.552523,2023-2024
2023-10-29 14:00:00,Liverpool,Nottingham Forest,3,0,2.70428,0.642014,2023-2024
2023-10-29 15:30:00,Manchester United,Manchester City,0,3,0.714628,4.54595,2023-2024
2023-11-04 12:30:00,Fulham,Manchester United,0,1,1.18241,0.697095,2023-2024
2023-11-04 15:00:00,Brentford,West Ham,3,2,1.82944,1.75505,2023-2024
2023-11-04 15:00:00,Burnley,Crystal Palace,0,2,1.4998,1.43653,2023-2024
2023-11-04 15:00:00,Everton,Brighton,1,1,0.617607,0.442489,2023-2024
2023-11-04 15:00:00,Manchester City,Bournemouth,6,1,2.39949,0.643127,2023-2024
2023-11-04 15:00:00,Sheffield United,Wolves,2,1,1.10165,1.14803,2023-2024
2023-11-04 17:30:00,Newcastle,Arsenal,1,0,1.12355,0.535473,2023-2024
2023-11-05 14:00:00,Nottingham Forest,Aston Villa,2,0,0.592447,1.33116,2023-2024
2023-11-05 16:30:00,Luton,Liverpool,1,1,1.3411,3.03925,2023-2024
2023-11-06 20:00:00,Tottenham,Chelsea,1,4,0.959108,4.05865,2023-2024
2023-11-11 12:30:00,Wolves,Tottenham,2,1,1.90884,0.432315,2023-2024
2023-11-11 15:00:00,Arsenal,Burnley,3,1,2.63194,0.327706,2023-2024
2023-11-11 15:00:00,Crystal Palace,Everton,2,3,1.89194,1.7904,2023-2024
2023-11-11 15:00:00,Manchester United,Luton,1,0,2.74105,0.408265,2023-2024
2023-11-11 17:30:00,Bournemouth,Newcastle,2,0,2.78424,0.306141,2023-2024
2023-11-12 14:00:00,Aston Villa,Fulham,3,1,2.86039,0.648745,2023-2024
2023-11-12 14:00:00,Brighton,Sheffield United,1,1,1.08601,0.84434,2023-2024
2023-11-12 14:00:00,Liverpool,Brentford,3,0,1.56004,1.44954,2023-2024
2023-11-12 14:00:00,West Ham,Nottingham Forest,3,2,2.06402,1.42128,2023-2024
2023-11-12 16:30:00,Chelsea,Manchester City,4,4,3.47238,3.19324,2023-2024
2023-11-25 12:30:00,Manchester City,Liverpool,1,1,1.79622,0.766278,2023-2024
2023-11-25 15:00:00,Burnley,West Ham,1,2,1.44228,1.36963,2023-2024
2023-11-25 15:00:00,Luton,Crystal Palace,2,1,0.996153,1.83546,2023-2024
2023-11-25 15:00:00,Newcastle,Chelsea,4,1,2.15227,0.968061,2023-2024
2023-11-25 15:00:00,Nottingham Forest,Brighton,2,3,2.22655,1.21792,2023-2024
2023-11-25 15:00:00,Sheffield United,Bournemouth,1,3,0.816227,3.13975,2023-2024
2023-11-25 17:30:00,Brentford,Arsenal,0,1,1.66315,1.82699,2023-2024
2023-11-26 14:00:00,Tottenham,Aston Villa,1,2,2.22542,2.39755,2023-2024
2023-11-26 16:30:00,Everton,Manchester United,0,3,2.49764,2.07334,2023-2024
2023-11-27 20:00:00,Fulham,Wolves,3,2,2.49057,1.57875,2023-2024
2023-12-02 15:00:00,Arsenal,Wolves,2,1,3.30368,1.07886,2023-2024
2023-12-02 15:00:00,Brentford,Luton,3,1,3.25952,0.227176,2023-2024
2023-12-02 15:00:00,Burnley,Sheffield United,5,0,2.60469,0.618131,2023-2024
2023-12-02 17:30:00,Nottingham Forest,Everton,0,1,0.673085,0.623789,2023-2024
2023-12-02 20:00:00,Newcastle,Manchester United,1,0,2.90191,0.422674,2023-2024
2023-12-03 14:00:00,Bournemouth,Aston Villa,2,2,2.54937,0.89511,2023-2024
2023-12-03 14:00:00,Chelsea,Brighton,3,2,1.66304,0.855058,2023-2024
2023-12-03 14:00:00,Liverpool,Fulham,4,3,2.72831,1.51005,2023-2024
2023-12-03 14:00:00,West Ham,Crystal Palace,1,1,1.1466,0.987682,2023-2024
2023-12-03 16:30:00,Manchester City,Tottenham,3,3,2.90729,0.433077,2023-2024
2023-12-05 19:30:00,Wolves,Burnley,1,0,1.11886,0.781542,2023-2024
2023-12-05 20:15:00,Luton,Arsenal,3,4,0.526254,2.58815,2023-2024
2023-12-06 19:30:00,Brighton,Brentford,2,1,1.54099,1.22007,2023-2024
2023-12-06 19:30:00,Fulham,Nottingham Forest,5,0,3.09427,0.218659,2023-2024
2023-12-06 19:30:00,Sheffield United,Liverpool,0,2,0.834172,1.80116,2023-2024
2023-12-06 19:30:00,Crystal Palace,Bournemouth,0,2,1.26441,1.79997,2023-2024
2023-12-06 20:15:00,Aston Villa,Manchester City,1,0,2.1922,1.00198,2023-2024
2023-12-06 20:15:00,Manchester United,Chelsea,2,1,4.03949,2.3512,2023-2024
2023-12-07 19:30:00,Everton,Newcastle,3,0,2.95393,1.29564,2023-2024
2023-12-07 20:15:00,Tottenham,West Ham,1,2,1.61268,1.7409,2023-2024
2023-12-09 12:30:00,Crystal Palace,Liverpool,1,2,1.79152,1.3708,2023-2024
2023-12-09 15:00:00,Brighton,Burnley,1,1,2.96247,1.05162,2023-2024
2023-12-09 15:00:00,Manchester United,Bournemouth,0,3,1.11296,1.9742,2023-2024
2023-12-09 15:00:00,Sheffield United,Brentford,1,0,0.841976,0.644638,2023-2024
2023-12-09 15:00:00,Wolves,Nottingham Forest,1,1,1.02199,1.21801,2023-2024
2023-12-09 17:30:00,Aston Villa,Arsenal,1,0,0.628499,1.71667,2023-2024
2023-12-10 14:00:00,Everton,Chelsea,2,0,1.11437,0.885512,2023-2024
2023-12-10 14:00:00,Fulham,West Ham,5,0,2.1884,0.983,2023-2024
2023-12-10 14:00:00,Luton,Manchester City,1,2,0.689037,2.23353,2023-2024
2023-12-10 16:30:00,Tottenham,Newcastle,4,1,4.40118,1.61368,2023-2024
2023-12-15 20:00:00,Nottingham Forest,Tottenham,0,2,1.70569,1.60738,2023-2024
2023-12-16 15:00:00,Chelsea,Sheffield United,2,0,3.27322,0.44014,2023-2024
2023-12-16 15:00:00,Manchester City,Crystal Palace,2,2,2.41646,1.64977,2023-2024
2023-12-16 15:00:00,Newcastle,Fulham,3,0,4.27933,0.471042,2023-2024
2023-12-16 17:30:00,Burnley,Everton,0,2,0.811435,2.22305,2023-2024
2023-12-17 14:00:00,Arsenal,Brighton,2,0,2.76976,0.663054,2023-2024
2023-12-17 14:00:00,Brentford,Aston Villa,1,2,0.796812,1.4664,2023-2024
2023-12-17 14:00:00,West Ham,Wolves,3,0,1.03828,0.556206,2023-2024
2023-12-17 16:30:00,Liverpool,Manchester United,0,0,1.97111,0.632715,2023-2024
2023-12-21 20:00:00,Crystal Palace,Brighton,1,1,1.65409,1.33653,2023-2024
2023-12-22 20:00:00,Aston Villa,Sheffield United,1,1,1.21861,0.646159,2023-2024
2023-12-23 12:30:00,West Ham,Manchester United,2,0,1.51468,0.730496,2023-2024
2023-12-23 15:00:00,Fulham,Burnley,0,2,1.38096,0.41714,2023-2024
2023-12-23 15:00:00,Luton,Newcastle,1,0,1.81844,1.41488,2023-2024
2023-12-23 15:00:00,Nottingham Forest,Bournemouth,2,3,0.791806,1.89067,2023-2024
2023-12-23 15:00:00,Tottenham,Everton,2,1,1.57527,1.98385,2023-2024
2023-12-23 17:30:00,Liverpool,Arsenal,1,1,0.982901,0.851681,2023-2024
2023-12-24 13:00:00,Wolves,Chelsea,2,1,1.74626,1.75447,2023-2024
2023-12-26 12:30:00,Newcastle,Nottingham Forest,1,3,2.79106,3.1074,2023-2024
2023-12-26 15:00:00,Bournemouth,Fulham,3,0,2.07911,0.324365,2023-2024
2023-12-26 15:00:00,Sheffield United,Luton,2,3,3.61788,0.715575,2023-2024
2023-12-26 17:30:00,Burnley,Liverpool,0,2,0.972389,1.68451,2023-2024
2023-12-26 20:00:00,Manchester United,Aston Villa,3,2,1.20104,1.83637,2023-2024
2023-12-27 19:30:00,Brentford,Wolves,1,4,2.59347,1.89483,2023-2024
2023-12-27 19:30:00,Chelsea,Crystal Palace,2,1,2.73005,0.958077,2023-2024
2023-12-27 20:15:00,Everton,Manchester City,1,3,1.23529,2.28321,2023-2024
2023-12-28 19:30:00,Brighton,Tottenham,4,2,3.84702,2.06955,2023-2024
2023-12-28 20:15:00,Arsenal,West Ham,0,2,2.7884,1.59711,2023-2024
2023-12-30 12:30:00,Luton,Chelsea,2,3,2.64093,1.57463,2023-2024
2023-12-30 15:00:00,Aston Villa,Burnley,3,2,2.92587,1.11923,2023-2024
2023-12-30 15:00:00,Crystal Palace,Brentford,3,1,1.61057,1.28731,2023-2024
2023-12-30 15:00:00,Manchester City,Sheffield United,2,0,2.24229,0.263211,2023-2024
2023-12-30 15:00:00,Wolves,Everton,3,0,2.64477,0.519641,2023-2024
2023-12-30 17:30:00,Nottingham Forest,Manchester United,2,1,0.744348,0.651905,2023-2024
2023-12-31 14:00:00,Fulham,Arsenal,2,1,1.52829,1.6591,2023-2024
2023-12-31 14:00:00,Tottenham,Bournemouth,3,1,2.15027,1.58229,2023-2024
2024-01-01 19:00:00,Liverpool,Newcastle,4,2,6.67151,0.910974,2024-2025
2024-01-02 18:30:00,West Ham,Brighton,0,0,0.9831,2.1552,2024-2025
2024-01-12 19:45:00,Burnley,Luton,1,1,1.52023,0.965167,2024-2025
2024-01-13 12:30:00,Chelsea,Fulham,1,0,2.0456,0.697847,2024-2025
2024-01-13 17:30:00,Newcastle,Manchester City,2,3,1.23638,2.55452,2024-2025
2024-01-14 14:00:00,Everton,Aston Villa,0,0,1.03664,1.3435,2024-2025
2024-01-14 16:30:00,Manchester United,Tottenham,2,2,0.923233,1.31224,2024-2025
2024-01-20 12:30:00,Arsenal,Crystal Palace,5,0,3.52167,0.288083,2024-2025
2024-01-20 17:30:00,Brentford,Nottingham Forest,3,2,1.94219,1.22251,2024-2025
2024-01-21 14:00:00,Sheffield United,West Ham,2,2,2.61362,2.4241,2024-2025
2024-01-21 16:30:00,Bournemouth,Liverpool,0,4,0.834585,1.53344,2024-2025
2024-01-22 19:45:00,Brighton,Wolves,0,0,1.3701,1.14116,2024-2025
2024-01-30 19:30:00,Nottingham Forest,Arsenal,1,2,0.631618,1.39143,2024-2025
2024-01-30 19:45:00,Fulham,Everton,0,0,2.37499,2.83317,2024-2025
2024-01-30 19:45:00,Luton,Brighton,4,0,3.63312,1.01366,2024-2025
2024-01-30 20:00:00,Crystal Palace,Sheffield United,3,2,1.1601,0.768467,2024-2025
2024-01-30 20:15:00,Aston Villa,Newcastle,1,3,1.44485,3.3224,2024-2025
2024-01-31 19:30:00,Tottenham,Brentford,3,2,3.36194,1.59637,2024-2025
2024-01-31 19:30:00,Manchester City,Burnley,3,1,1.84756,1.49114,2024-2025
2024-01-31 20:15:00,Liverpool,Chelsea,4,1,3.6627,0.477972,2024-2025
2024-02-01 19:30:00,West Ham,Bournemouth,1,1,1.3128,1.13487,2024-2025
2024-02-01 20:15:00,Wolves,Manchester United,3,4,2.27609,3.22698,2024-2025
2024-02-03 12:30:00,Everton,Tottenham,2,2,3.25881,0.922371,2024-2025
2024-02-03 15:00:00,Brighton,Crystal Palace,4,1,1.92591,0.241137,2024-2025
2024-02-03 15:00:00,Burnley,Fulham,2,2,1.00428,1.28806,2024-2025
2024-02-03 15:00:00,Newcastle,Luton,4,4,2.37353,2.67463,2024-2025
2024-02-03 17:30:00,Sheffield United,Aston Villa,0,5,1.52784,2.99015,2024-2025
2024-02-04 14:00:00,Bournemouth,Nottingham Forest,1,1,1.1895,0.456548,2024-2025
2024-02-04 14:00:00,Chelsea,Wolves,2,4,2.35967,2.48996,2024-2025
2024-02-04 14:00:00,Manchester United,West Ham,3,0,0.96721,1.1807,2024-2025
2024-02-04 16:30:00,Arsenal,Liverpool,3,1,2.8526,0.542052,2024-2025
2024-02-05 20:00:00,Brentford,Manchester City,1,3,0.865741,2.10785,2024-2025
2024-02-10 12:30:00,Manchester City,Everton,2,0,1.58971,0.192072,2024-2025
2024-02-10 15:00:00,Fulham,Bournemouth,3,1,1.7456,2.60612,2024-2025
2024-02-10 15:00:00,Liverpool,Burnley,3,1,3.14734,1.11123,2024-2025
2024-02-10 15:00:00,Luton,Sheffield United,1,3,1.76215,1.98283,2024-2025
2024-02-10 15:00:00,Tottenham,Brighton,2,1,2.10928,1.49285,2024-2025
2024-02-10 15:00:00,Wolves,Brentford,0,2,1.05781,1.84908,2024-2025
2024-02-10 17:30:00,Nottingham Forest,Newcastle,2,3,0.968075,0.511375,2024-2025
2024-02-11 14:00:00,West Ham,Arsenal,0,6,0.191065,3.99893,2024-2025
2024-02-11 16:30:00,Aston Villa,Manchester United,1,2,2.64675,2.44591,2024-2025
2024-02-12 20:00:00,Crystal Palace,Chelsea,1,3,0.719516,1.26948,2024-2025
2024-02-17 12:30:00,Brentford,Liverpool,1,4,1.69518,3.08952,2024-2025
2024-02-17 15:00:00,Burnley,Arsenal,0,5,0.335143,2.20575,2024-2025
2024-02-17 15:00:00,Fulham,Aston Villa,1,2,1.41796,1.57297,2024-2025
2024-02-17 15:00:00,Newcastle,Bournemouth,2,2,2.38425,2.08098,2024-2025
2024-02-17 15:00:00,Nottingham Forest,West Ham,2,0,2.66942,0.520016,2024-2025
2024-02-17 15:00:00,Tottenham,Wolves,1,2,1.59768,1.77591,2024-2025
2024-02-17 17:30:00,Manchester City,Chelsea,1,1,2.77713,1.82903,2024-2025
2024-02-18 14:00:00,Sheffield United,Brighton,0,5,0.586214,3.35549,2024-2025
2024-02-18 16:30:00,Luton,Manchester United,1,2,1.57234,3.58973,2024-2025
2024-02-19 20:00:00,Everton,Crystal Palace,1,1,2.44588,0.734685,2024-2025
2024-02-20 18:30:00,Manchester City,Brentford,1,0,2.53766,0.503799,2024-2025
2024-02-21 15:00:00,Liverpool,Luton,4,1,3.70302,0.956512,2024-2025
2024-02-24 15:00:00,Aston Villa,Nottingham Forest,4,2,3.48861,2.25569,2024-2025
2024-02-24 15:00:00,Brighton,Everton,1,1,1.6538,0.286655,2024-2025
2024-02-24 15:00:00,Crystal Palace,Burnley,3,0,2.41612,0.0760216,2024-2025
2024-02-24 15:00:00,Manchester United,Fulham,1,2,1.96036,1.1385,2024-2025
2024-02-24 17:30:00,Bournemouth,Manchester City,0,1,0.925889,1.79636,2024-2025
2024-02-24 20:00:00,Arsenal,Newcastle,4,1,2.59336,0.217373,2024-2025
2024-02-25 13:30:00,Wolves,Sheffield United,1,0,1.21618,0.654342,2024-2025
2024-02-26 20:00:00,West Ham,Brentford,4,2,2.06873,1.33683,2024-2025
2024-03-02 15:00:00,Brentford,Chelsea,2,2,2.4732,2.1523,2024-2025
2024-03-02 15:00:00,Everton,West Ham,1,3,3.12075,2.17948,2024-2025
2024-03-02 15:00:00,Fulham,Brighton,3,0,1.37604,1.15198,2024-2025
2024-03-02 15:00:00,Newcastle,Wolves,3,0,3.33495,0.507769,2024-2025
2024-03-02 15:00:00,Nottingham Forest,Liverpool,0,1,0.971466,1.32259,2024-2025
2024-03-02 15:00:00,Tottenham,Crystal Palace,3,1,2.6625,0.277887,2024-2025
2024-03-02 17:30:00,Luton,Aston Villa,2,3,2.43312,2.08586,2024-2025
2024-03-03 13:00:00,Burnley,Bournemouth,0,2,1.60461,1.43616,2024-2025
2024-03-03 15:30:00,Manchester City,Manchester United,3,1,2.64173,0.153764,2024-2025
2024-03-04 20:00:00,Sheffield United,Arsenal,0,6,0.201374,2.47294,2024-2025
2024-03-09 12:30:00,Manchester United,Everton,2,0,2.9016,1.8214,2024-2025
2024-03-09 15:00:00,Bournemouth,Sheffield United,2,2,3.92657,1.91752,2024-2025
2024-03-09 15:00:00,Crystal Palace,Luton,1,1,3.25103,1.08531,2024-2025
2024-03-09 15:00:00,Wolves,Fulham,2,1,1.29589,2.94155,2024-2025
2024-03-09 17:30:00,Arsenal,Brentford,2,1,1.59369,0.733239,2024-2025
2024-03-10 13:00:00,Aston Villa,Tottenham,0,4,1.23267,2.25381,2024-2025
2024-03-10 14:00:00,Brighton,Nottingham Forest,1,0,0.534518,0.687034,2024-2025
2024-03-10 14:00:00,West Ham,Burnley,2,2,1.87414,0.88131,2024-2025
2024-03-10 15:45:00,Liverpool,Manchester City,1,1,2.25492,1.37289,2024-2025
2024-03-11 20:00:00,Chelsea,Newcastle,3,2,1.78315,0.568435,2024-2025
2024-03-13 19:30:00,Bournemouth,Luton,4,3,2.84403,2.79419,2024-2025
2024-03-16 15:00:00,Burnley,Brentford,2,1,2.69776,1.25123,2024-2025
2024-03-16 15:00:00,Luton,Nottingham Forest,1,1,0.853782,1.95268,2024-2025
2024-03-16 17:30:00,Fulham,Tottenham,3,0,2.47234,2.14564,2024-2025
2024-03-17 14:00:00,West Ham,Aston Villa,1,1,1.32829,0.911274,2024-2025
2024-03-30 12:30:00,Newcastle,West Ham,4,3,3.80922,0.994584,2024-2025
2024-03-30 15:00:00,Bournemouth,Everton,2,1,1.39268,0.93378,2024-2025
2024-03-30 15:00:00,Chelsea,Burnley,2,2,4.46643,2.10422,2024-2025
2024-03-30 15:00:00,Nottingham Forest,Crystal Palace,1,1,0.784652,0.900972,2024-2025
2024-03-30 15:00:00,Sheffield United,Fulham,3,3,1.78824,1.10254,2024-2025
2024-03-30 15:00:00,Tottenham,Luton,2,1,2.46523,0.402402,2024-2025
2024-03-30 17:30:00,Aston Villa,Wolves,2,0,1.28271,1.66232,2024-2025
2024-03-30 20:00:00,Brentford,Manchester United,1,1,3.16487,0.989565,2024-2025
2024-03-31 14:00:00,Liverpool,Brighton,2,1,3.21149,0.43922,2024-2025
2024-03-31 16:30:00,Manchester City,Arsenal,0,0,1.22009,0.511402,2024-2025
2024-04-02 18:30:00,Nottingham Forest,Fulham,3,1,1.94619,1.04304,2024-2025
2024-04-02 18:30:00,Newcastle,Everton,1,1,2.65009,1.69834,2024-2025
2024-04-02 18:45:00,Bournemouth,Crystal Palace,1,0,1.30969,0.174389,2024-2025
2024-04-02 18:45:00,Burnley,Wolves,1,1,1.12581,1.01021,2024-2025
2024-04-02 19:15:00,West Ham,Tottenham,1,1,1.47017,1.39423,2024-2025
2024-04-03 18:30:00,Arsenal,Luton,2,0,1.14384,0.292082,2024-2025
2024-04-03 18:30:00,Brentford,Brighton,0,0,0.423299,1.22404,2024-2025
2024-04-03 19:15:00,Manchester City,Aston Villa,4,1,3.87704,1.18643,2024-2025
2024-04-04 18:30:00,Liverpool,Sheffield United,3,1,2.51772,0.720948,2024-2025
2024-04-04 19:15:00,Chelsea,Manchester United,4,3,3.48048,1.56686,2024-2025
2024-04-06 11:30:00,Crystal Palace,Manchester City,2,4,1.49472,2.26381,2024-2025
2024-04-06 14:00:00,Aston Villa,Brentford,3,3,1.16333,1.42064,2024-2025
2024-04-06 14:00:00,Everton,Burnley,1,0,0.659844,0.34699,2024-2025
2024-04-06 14:00:00,Fulham,Newcastle,0,1,0.834564,1.18012,2024-2025
2024-04-06 14:00:00,Luton,Bournemouth,2,1,1.30478,0.616108,2024-2025
2024-04-06 14:00:00,Wolves,West Ham,1,2,1.78341,1.14133,2024-2025
2024-04-06 16:30:00,Brighton,Arsenal,0,3,0.428514,4.16518,2024-2025
2024-04-07 14:30:00,Manchester United,Liverpool,2,2,0.814509,4.43457,2024-2025
2024-04-07 16:30:00,Sheffield United,Chelsea,2,2,1.74265,0.521789,2024-2025
2024-04-07 19:00:00,Tottenham,Nottingham Forest,3,1,1.61978,2.00122,2024-2025
2024-04-13 11:30:00,Newcastle,Tottenham,4,0,3.1483,0.737596,2024-2025
2024-04-13 14:00:00,Brentford,Sheffield United,2,0,1.09071,0.834498,2024-2025
2024-04-13 14:00:00,Burnley,Brighton,1,1,1.8522,0.889445,2024-2025
2024-04-13 14:00:00,Manchester City,Luton,5,1,4.64245,0.809775,2024-2025
2024-04-13 14:00:00,Nottingham Forest,Wolves,2,2,1.76244,1.45688,2024-2025
2024-04-13 16:30:00,Bournemouth,Manchester United,2,2,2.38519,1.52274,2024-2025
2024-04-14 13:00:00,Liverpool,Crystal Palace,0,1,3.04497,2.12879,2024-2025
2024-04-14 13:00:00,West Ham,Fulham,0,2,1.45307,3.61413,2024-2025
2024-04-14 15:30:00,Arsenal,Aston Villa,0,2,1.89003,0.929049,2024-2025
2024-04-15 19:00:00,Chelsea,Everton,6,0,3.37093,1.21791,2024-2025
2024-04-20 14:00:00,Luton,Brentford,1,5,0.497799,3.7809,2024-2025
2024-04-20 14:00:00,Sheffield United,Burnley,1,4,1.97816,2.42338,2024-2025
2024-04-20 18:30:00,Wolves,Arsenal,0,2,0.164516,1.66179,2024-2025
2024-04-21 12:30:00,Everton,Nottingham Forest,2,0,0.473233,1.18916,2024-2025
2024-04-21 14:00:00,Aston Villa,Bournemouth,3,1,2.62687,2.05211,2024-2025
2024-04-21 14:00:00,Crystal Palace,West Ham,5,2,3.7185,1.34536,2024-2025
2024-04-21 15:30:00,Fulham,Liverpool,1,3,0.83885,1.02445,2024-2025
2024-04-23 19:00:00,Arsenal,Chelsea,5,0,3.45858,1.60343,2024-2025
2024-04-24 18:45:00,Wolves,Bournemouth,0,1,0.484454,2.40311,2024-2025
2024-04-24 19:00:00,Crystal Palace,Newcastle,2,0,1.43661,0.55129,2024-2025
2024-04-24 19:00:00,Everton,Liverpool,2,0,1.89111,1.87155,2024-2025
2024-04-24 19:00:00,Manchester United,Sheffield United,4,2,3.51311,1.20517,2024-2025
2024-04-25 19:00:00,Brighton,Manchester City,0,4,0.572021,1.90507,2024-2025
2024-04-27 11:30:00,West Ham,Liverpool,2,2,0.794025,2.29298,2024-2025
2024-04-27 14:00:00,Fulham,Crystal Palace,1,1,1.39418,1.05387,2024-2025
2024-04-27 14:00:00,Manchester United,Burnley,1,1,3.06197,1.89591,2024-2025
2024-04-27 14:00:00,Newcastle,Sheffield United,5,1,2.93477,1.82408,2024-2025
2024-04-27 14:00:00,Wolves,Luton,2,1,1.49011,0.90435,2024-2025
2024-04-27 16:30:00,Everton,Brentford,1,0,1.21399,0.956356,2024-2025
2024-04-27 19:00:00,Aston Villa,Chelsea,2,2,0.612257,1.56401,2024-2025
2024-04-28 13:00:00,Bournemouth,Brighton,3,0,2.48132,1.35682,2024-2025
2024-04-28 13:00:00,Tottenham,Arsenal,2,3,2.60458,1.51469,2024-2025
2024-04-28 15:30:00,Nottingham Forest,Manchester City,0,2,2.17312,0.932063,2024-2025
2024-05-02 18:30:00,Chelsea,Tottenham,2,0,2.22432,1.27064,2024-2025
2024-05-03 19:00:00,Luton,Everton,1,1,0.950391,1.22959,2024-2025
2024-05-04 11:30:00,Arsenal,Bournemouth,3,0,3.91372,0.4687,2024-2025
2024-05-04 14:00:00,Brentford,Fulham,0,0,0.809379,1.45579,2024-2025
2024-05-04 14:00:00,Burnley,Newcastle,1,4,1.28632,4.25643,2024-2025
2024-05-04 14:00:00,Sheffield United,Nottingham Forest,1,3,2.48986,1.93818,2024-2025
2024-05-04 16:30:00,Manchester City,Wolves,5,1,4.52542,0.396887,2024-2025
2024-05-05 13:00:00,Brighton,Aston Villa,1,0,2.63566,0.0644055,2024-2025
2024-05-05 13:00:00,Chelsea,West Ham,5,0,4.21838,0.893899,2024-2025
2024-05-05 15:30:00,Liverpool,Tottenham,4,2,3.26222,1.17205,2024-2025
2024-05-06 19:00:00,Crystal Palace,Manchester United,4,0,2.0656,0.341417,2024-2025
2024-05-11 11:30:00,Fulham,Manchester City,0,4,0.0886245,3.15218,2024-2025
2024-05-11 14:00:00,Bournemouth,Brentford,1,2,1.07237,1.92722,2024-2025
2024-05-11 14:00:00,Everton,Sheffield United,1,0,1.82411,0.465523,2024-2025
2024-05-11 14:00:00,Newcastle,Brighton,1,1,2.45163,1.91556,2024-2025
2024-05-11 14:00:00,Tottenham,Burnley,2,1,3.00238,0.950331,2024-2025
2024-05-11 14:00:00,West Ham,Luton,3,1,3.71009,0.640456,2024-2025
2024-05-11 14:00:00,Wolves,Crystal Palace,1,3,1.1561,2.51452,2024-2025
2024-05-11 16:30:00,Nottingham Forest,Chelsea,2,3,2.44569,2.41068,2024-2025
2024-05-12 15:30:00,Manchester United,Arsenal,0,1,0.551669,1.73104,2024-2025
2024-05-13 19:00:00,Aston Villa,Liverpool,3,3,2.71655,1.89968,2024-2025
2024-05-14 19:00:00,Tottenham,Manchester City,0,2,1.84285,2.70331,2024-2025
2024-05-15 18:45:00,Brighton,Chelsea,1,2,1.32423,1.544,2024-2025
2024-05-15 19:00:00,Manchester United,Newcastle,3,2,1.49706,2.27657,2024-2025
2024-05-19 15:00:00,Arsenal,Everton,2,1,3.2117,0.664904,2024-2025
2024-05-19 15:00:00,Brentford,Newcastle,2,4,1.70157,3.65044,2024-2025
2024-05-19 15:00:00,Brighton,Manchester United,0,2,1.9717,1.00404,2024-2025
2024-05-19 15:00:00,Burnley,Nottingham Forest,1,2,1.08222,1.57962,2024-2025
2024-05-19 15:00:00,Chelsea,Bournemouth,2,1,1.59771,2.002,2024-2025
2024-05-19 15:00:00,Crystal Palace,Aston Villa,5,0,2.23189,0.598846,2024-2025
2024-05-19 15:00:00,Liverpool,Wolves,2,0,5.65937,0.731254,2024-2025
2024-05-19 15:00:00,Luton,Fulham,2,4,2.06743,1.11598,2024-2025
2024-05-19 15:00:00,Manchester City,West Ham,3,1,2.31504,0.240159,2024-2025
2024-05-19 15:00:00,Sheffield United,Tottenham,0,3,0.697312,3.19675,2024-2025
2024-08-16 19:00:00,Manchester United,Fulham,1,0,2.04268,0.418711,2024-2025
2024-08-17 11:30:00,Ipswich,Liverpool,0,2,0.342601,3.92906,2024-2025
2024-08-17 14:00:00,Arsenal,Wolves,2,0,1.6283,0.575835,2024-2025
2024-08-17 14:00:00,Everton,Brighton,0,3,0.405325,1.79083,2024-2025
2024-08-17 14:00:00,Newcastle,Southampton,1,0,0.433489,1.95483,2024-2025
2024-08-17 14:00:00,Nottingham Forest,Bournemouth,1,1,1.24405,1.90915,2024-2025
2024-08-17 16:30:00,West Ham,Aston Villa,1,2,2.8047,2.6703,2024-2025
2024-08-18 13:00:00,Brentford,Crystal Palace,2,1,1.38064,1.14757,2024-2025
2024-08-18 15:30:00,Chelsea,Manchester City,0,2,1.06123,1.18038,2024-2025
2024-08-19 19:00:00,Leicester,Tottenham,1,1,1.02614,1.40775,2024-2025
2024-08-24 11:30:00,Brighton,Manchester United,2,1,2.14153,1.28556,2024-2025
2024-08-24 14:00:00,Crystal Palace,West Ham,0,2,1.3761,1.53421,2024-2025
2024-08-24 14:00:00,Fulham,Leicester,2,1,1.96218,0.857005,2024-2025
2024-08-24 14:00:00,Manchester City,Ipswich,4,1,3.07818,0.479999,2024-2025
2024-08-24 14:00:00,Southampton,Nottingham Forest,0,1,0.214952,2.86475,2024-2025
2024-08-24 14:00:00,Tottenham,Everton,4,0,2.61143,0.648869,2024-2025
2024-08-24 16:30:00,Aston Villa,Arsenal,0,2,1.31664,1.41399,2024-2025
2024-08-25 13:00:00,Wolves,Chelsea,2,6,2.4181,2.02935,2024-2025
2024-08-25 13:00:00,Bournemouth,Newcastle,1,1,2.53513,1.89287,2024-2025
2024-08-25 15:30:00,Liverpool,Brentford,2,0,2.71877,0.457239,2024-2025
2024-08-31 11:30:00,Arsenal,Brighton,1,1,2.41798,1.81748,2024-2025
2024-08-31 14:00:00,Brentford,Southampton,3,1,3.86281,1.64713,2024-2025
2024-08-31 14:00:00,Everton,Bournemouth,2,3,2.55629,2.95688,2024-2025
2024-08-31 14:00:00,Ipswich,Fulham,1,1,0.707048,1.18883,2024-2025
2024-08-31 14:00:00,Leicester,Aston Villa,1,2,0.774741,2.16385,2024-2025
2024-08-31 14:00:00,Nottingham Forest,Wolves,1,1,1.41069,0.937632,2024-2025
2024-08-31 16:30:00,West Ham,Manchester City,1,3,0.947201,3.19297,2024-2025
2024-09-01 12:30:00,Newcastle,Tottenham,2,1,1.58694,1.63304,2024-2025
2024-09-01 12:30:00,Chelsea,Crystal Palace,1,1,2.97743,0.459708,2024-2025
2024-09-01 15:00:00,Manchester United,Liverpool,0,3,1.50087,2.10397,2024-2025
2024-09-14 11:30:00,Southampton,Manchester United,0,3,1.35593,3.02693,2024-2025
2024-09-14 14:00:00,Brighton,Ipswich,0,0,1.75696,0.721323,2024-2025
2024-09-14 14:00:00,Fulham,West Ham,1,1,2.88601,0.682719,2024-2025
2024-09-14 14:00:00,Liverpool,Nottingham Forest,0,1,1.17044,0.589532,2024-2025
2024-09-14 14:00:00,Crystal Palace,Leicester,2,2,2.88716,1.65187,2024-2025
2024-09-14 14:00:00,Manchester City,Brentford,2,1,1.55279,1.05094,2024-2025
2024-09-14 16:30:00,Aston Villa,Everton,3,2,3.15876,0.852158,2024-2025
2024-09-14 19:00:00,Bournemouth,Chelsea,0,1,1.53731,0.932726,2024-2025
2024-09-15 13:00:00,Tottenham,Arsenal,0,1,0.792595,1.1209,2024-2025
2024-09-15 15:30:00,Wolves,Newcastle,1,2,1.46969,1.48343,2024-2025
2024-09-21 11:30:00,West Ham,Chelsea,0,3,0.758267,2.39727,2024-2025
2024-09-21 14:00:00,Southampton,Ipswich,1,1,2.89813,1.645,2024-2025
2024-09-21 14:00:00,Leicester,Everton,1,1,1.33793,1.82377,2024-2025
2024-09-21 14:00:00,Liverpool,Bournemouth,3,0,2.43731,1.46979,2024-2025
2024-09-21 14:00:00,Fulham,Newcastle,3,1,3.21141,1.09768,2024-2025
2024-09-21 14:00:00,Aston Villa,Wolves,3,1,2.37351,0.520117,2024-2025
2024-09-21 14:00:00,Tottenham,Brentford,3,1,3.89481,0.893565,2024-2025
2024-09-21 16:30:00,Crystal Palace,Manchester United,0,0,1.66928,2.35056,2024-2025
2024-09-22 13:00:00,Brighton,Nottingham Forest,2,2,1.56836,1.36923,2024-2025
2024-09-22 15:30:00,Manchester City,Arsenal,2,2,2.75588,1.28411,2024-2025
2024-09-28 11:30:00,Newcastle,Manchester City,1,1,1.34344,1.26516,2024-2025
2024-09-28 14:00:00,Nottingham Forest,Fulham,0,1,0.614351,1.43592,2024-2025
2024-09-28 14:00:00,Everton,Crystal Palace,2,1,1.10959,1.12358,2024-2025
2024-09-28 14:00:00,Arsenal,Leicester,4,2,6.05305,0.337909,2024-2025
2024-09-28 14:00:00,Brentford,West Ham,1,1,0.370222,0.878617,2024-2025
2024-09-28 14:00:00,Chelsea,Brighton,4,2,3.65839,1.20712,2024-2025
2024-09-28 16:30:00,Wolves,Liverpool,1,2,0.748925,2.11724,2024-2025
2024-09-29 13:00:00,Ipswich,Aston Villa,2,2,1.84608,1.14494,2024-2025
2024-09-29 15:30:00,Manchester United,Tottenham,0,3,0.600721,5.4072,2024-2025
2024-09-30 19:00:00,Bournemouth,Southampton,3,1,1.44215,0.696068,2024-2025
2024-10-05 11:30:00,Crystal Palace,Liverpool,0,1,0.609481,2.07332,2024-2025
2024-10-05 14:00:00,Leicester,Bournemouth,1,0,0.912063,1.94963,2024-2025
2024-10-05 14:00:00,Manchester City,Fulham,3,2,1.36684,2.75846,2024-2025
2024-10-05 14:00:00,West Ham,Ipswich,4,1,4.39402,1.18463,2024-2025
2024-10-05 14:00:00,Arsenal,Southampton,3,1,3.25165,1.27313,2024-2025
2024-10-05 14:00:00,Brentford,Wolves,5,3,4.13513,0.696254,2024-2025
2024-10-05 16:30:00,Everton,Newcastle,0,0,0.692214,1.79048,2024-2025
2024-10-06 13:00:00,Chelsea,Nottingham Forest,1,1,2.27752,1.66654,2024-2025
2024-10-06 13:00:00,Aston Villa,Manchester United,0,0,0.532809,0.448537,2024-2025
2024-10-06 15:30:00,Brighton,Tottenham,3,2,1.97217,1.09279,2024-2025
2024-10-19 11:30:00,Tottenham,West Ham,4,1,1.44052,0.858803,2024-2025
2024-10-19 14:00:00,Fulham,Aston Villa,1,3,2.63074,1.43595,2024-2025
2024-10-19 14:00:00,Ipswich,Everton,0,2,1.174,1.60804,2024-2025
2024-10-19 14:00:00,Manchester United,Brentford,2,1,1.76555,0.892843,2024-2025
2024-10-19 14:00:00,Newcastle,Brighton,0,1,1.93657,1.6779,2024-2025
2024-10-19 14:00:00,Southampton,Leicester,2,3,2.42776,2.83826,2024-2025
2024-10-19 16:30:00,Bournemouth,Arsenal,2,0,2.18419,0.740758,2024-2025
2024-10-20 13:00:00,Wolves,Manchester City,1,2,0.761217,1.36569,2024-2025
2024-10-20 15:30:00,Liverpool,Chelsea,2,1,2.22517,1.33904,2024-2025
2024-10-21 19:00:00,Nottingham Forest,Crystal Palace,1,0,1.88573,0.835001,2024-2025
2024-10-25 19:00:00,Leicester,Nottingham Forest,1,3,0.832415,2.54488,2024-2025
2024-10-26 14:00:00,Manchester City,Southampton,1,0,3.16286,0.369989,2024-2025
2024-10-26 14:00:00,Aston Villa,Bournemouth,1,1,1.974,0.328651,2024-2025
2024-10-26 14:00:00,Brentford,Ipswich,4,3,4.09663,1.65698,2024-2025
2024-10-26 14:00:00,Brighton,Wolves,2,2,1.51347,1.11074,2024-2025
2024-10-26 16:30:00,Everton,Fulham,1,1,0.884845,1.49531,2024-2025
2024-10-27 14:00:00,Chelsea,Newcastle,2,1,1.61794,1.74225,2024-2025
2024-10-27 14:00:00,Crystal Palace,Tottenham,1,0,0.978611,1.0192,2024-2025
2024-10-27 14:00:00,West Ham,Manchester United,2,1,2.99312,2.62598,2024-2025
2024-10-27 16:30:00,Arsenal,Liverpool,2,2,1.0883,1.35346,2024-2025
2024-11-02 12:30:00,Newcastle,Arsenal,1,0,0.859715,0.911305,2024-2025
2024-11-02 15:00:00,Bournemouth,Manchester City,2,1,2.4493,2.3527,2024-2025
2024-11-02 15:00:00,Ipswich,Leicester,1,1,1.33617,2.33858,2024-2025
2024-11-02 15:00:00,Liverpool,Brighton,2,1,1.81037,1.01568,2024-2025
2024-11-02 15:00:00,Nottingham Forest,West Ham,3,0,2.35011,0.132317,2024-2025
2024-11-02 15:00:00,Southampton,Everton,1,0,0.540345,1.78581,2024-2025
2024-11-02 17:30:00,Wolves,Crystal Palace,2,2,1.65018,2.64849,2024-2025
2024-11-03 14:00:00,Tottenham,Aston Villa,4,1,2.09751,2.48749,2024-2025
2024-11-03 16:30:00,Manchester United,Chelsea,1,1,2.1605,1.21071,2024-2025
2024-11-04 20:00:00,Fulham,Brentford,2,1,1.43017,0.739231,2024-2025
2024-11-09 15:00:00,Brentford,Bournemouth,3,2,1.56474,2.49234,2024-2025
2024-11-09 15:00:00,Crystal Palace,Fulham,0,2,1.96037,2.25331,2024-2025
2024-11-09 15:00:00,West Ham,Everton,0,0,1.1237,0.865983,2024-2025
2024-11-09 15:00:00,Wolves,Southampton,2,0,0.912781,0.792655,2024-2025
2024-11-09 17:30:00,Brighton,Manchester City,2,1,2.87116,2.60334,2024-2025
2024-11-09 20:00:00,Liverpool,Aston Villa,2,0,2.68196,1.66337,2024-2025
2024-11-10 14:00:00,Nottingham Forest,Newcastle,1,3,1.17852,1.86904,2024-2025
2024-11-10 14:00:00,Manchester United,Leicester,3,0,1.2369,0.417295,2024-2025
2024-11-10 14:00:00,Tottenham,Ipswich,1,2,1.75088,2.18392,2024-2025
2024-11-10 16:30:00,Chelsea,Arsenal,1,1,1.24067,1.9605,2024-2025
2024-11-23 12:30:00,Leicester,Chelsea,1,2,0.967987,2.81658,2024-2025
2024-11-23 15:00:00,Bournemouth,Brighton,1,2,1.91157,1.23059,2024-2025
2024-11-23 15:00:00,Arsenal,Nottingham Forest,3,0,1.66016,0.403136,2024-2025
2024-11-23 15:00:00,Everton,Brentford,0,0,1.5951,1.34314,2024-2025
2024-11-23 15:00:00,Aston Villa,Crystal Palace,2,2,3.04455,1.61437,2024-2025
2024-11-23 15:00:00,Fulham,Wolves,1,4,0.717158,1.33903,2024-2025
2024-11-23 17:30:00,Manchester City,Tottenham,0,4,2.15899,3.30449,2024-2025
2024-11-24 14:00:00,Southampton,Liverpool,2,3,1.53985,3.18835,2024-2025
2024-11-24 16:30:00,Ipswich,Manchester United,1,1,1.98714,1.26912,2024-2025
2024-11-25 20:00:00,Newcastle,West Ham,0,2,1.49781,0.942824,2024-2025
2024-11-29 20:00:00,Brighton,Southampton,1,1,1.86986,0.934969,2024-2025
2024-11-30 15:00:00,Brentford,Leicester,4,1,2.21885,0.907555,2024-2025
2024-11-30 15:00:00,Crystal Palace,Newcastle,1,1,2.29595,0.020989,2024-2025
2024-11-30 15:00:00,Nottingham Forest,Ipswich,1,0,1.76587,0.462771,2024-2025
2024-11-30 15:00:00,Wolves,Bournemouth,2,4,0.866034,3.07901,2024-2025
2024-11-30 17:30:00,West Ham,Arsenal,2,5,1.23539,3.99935,2024-2025
2024-12-01 13:30:00,Chelsea,Aston Villa,3,0,1.94939,0.875443,2024-2025
2024-12-01 13:30:00,Manchester United,Everton,4,0,1.76161,0.766749,2024-2025
2024-12-01 13:30:00,Tottenham,Fulham,1,1,1.01086,1.57274,2024-2025
2024-12-01 16:00:00,Liverpool,Manchester City,2,0,3.70054,0.745015,2024-2025
2024-12-03 19:30:00,Ipswich,Crystal Palace,0,1,0.471708,1.65422,2024-2025
2024-12-03 20:15:00,Leicester,West Ham,3,1,2.78061,2.87716,2024-2025
2024-12-04 19:30:00,Everton,Wolves,4,0,1.49904,0.847724,2024-2025
2024-12-04 19:30:00,Manchester City,Nottingham Forest,3,0,3.20169,0.802155,2024-2025
2024-12-04 19:30:00,Newcastle,Liverpool,3,3,1.52057,2.22766,2024-2025
2024-12-04 19:30:00,Southampton,Chelsea,1,5,1.91014,5.8331,2024-2025
2024-12-04 20:15:00,Arsenal,Manchester United,2,0,2.96684,0.256083,2024-2025
2024-12-04 20:15:00,Aston Villa,Brentford,3,1,3.21673,1.13266,2024-2025
2024-12-05 19:30:00,Fulham,Brighton,3,1,0.666644,1.09939,2024-2025
2024-12-05 20:15:00,Bournemouth,Tottenham,1,0,3.27716,0.623934,2024-2025
2024-12-07 15:00:00,Aston Villa,Southampton,1,0,2.51338,0.385832,2024-2025
2024-12-07 15:00:00,Brentford,Newcastle,4,2,1.746,1.95645,2024-2025
2024-12-07 15:00:00,Crystal Palace,Manchester City,2,2,1.21476,1.5846,2024-2025
2024-12-07 17:30:00,Manchester United,Nottingham Forest,2,3,1.4697,0.651217,2024-2025
2024-12-08 14:00:00,Fulham,Arsenal,1,1,0.150988,2.4333,2024-2025
2024-12-08 14:00:00,Ipswich,Bournemouth,1,2,1.5668,3.49127,2024-2025
2024-12-08 14:00:00,Leicester,Brighton,2,2,1.42438,1.12184,2024-2025
2024-12-08 16:30:00,Tottenham,Chelsea,3,4,3.25488,2.57326,2024-2025
2024-12-09 20:00:00,West Ham,Wolves,2,1,1.19808,1.47567,2024-2025
2024-12-14 15:00:00,Liverpool,Fulham,2,2,2.09698,1.2862,2024-2025
2024-12-14 15:00:00,Arsenal,Everton,0,0,1.30865,0.132166,2024-2025
2024-12-14 15:00:00,Wolves,Ipswich,1,2,1.23748,1.73349,2024-2025
2024-12-14 15:00:00,Newcastle,Leicester,4,0,3.95461,0.186759,2024-2025
2024-12-14 17:30:00,Nottingham Forest,Aston Villa,2,1,2.2861,0.389423,2024-2025
2024-12-15 14:00:00,Brighton,Crystal Palace,1,3,1.32323,3.00618,2024-2025
2024-12-15 16:30:00,Manchester City,Manchester United,1,2,0.638103,2.04662,2024-2025
2024-12-15 19:00:00,Chelsea,Brentford,2,1,2.59146,1.65861,2024-2025
2024-12-15 19:00:00,Southampton,Tottenham,0,5,1.27356,3.89322,2024-2025
2024-12-16 20:00:00,Bournemouth,West Ham,1,1,2.04842,1.81827,2024-2025
2024-12-21 12:30:00,Aston Villa,Manchester City,2,1,2.05988,1.09627,2024-2025
2024-12-21 15:00:00,Brentford,Nottingham Forest,0,2,0.769004,0.964897,2024-2025
2024-12-21 15:00:00,West Ham,Brighton,1,1,1.22937,1.34379,2024-2025
2024-12-21 15:00:00,Ipswich,Newcastle,0,4,1.06427,3.23386,2024-2025
2024-12-21 17:30:00,Crystal Palace,Arsenal,1,5,1.6052,3.05434,2024-2025
2024-12-22 14:00:00,Fulham,Southampton,0,0,1.25255,0.280031,2024-2025
2024-12-22 14:00:00,Everton,Chelsea,0,0,1.07081,1.51591,2024-2025
2024-12-22 14:00:00,Manchester United,Bournemouth,0,3,2.28533,1.82831,2024-2025
2024-12-22 14:00:00,Leicester,Wolves,0,3,0.78868,1.13531,2024-2025
2024-12-22 16:30:00,Tottenham,Liverpool,3,6,1.20245,5.20214,2024-2025
2024-12-26 12:30:00,Manchester City,Everton,1,1,2.51965,0.653289,2024-2025
2024-12-26 15:00:00,Bournemouth,Crystal Palace,0,0,1.20189,0.500066,2024-2025
2024-12-26 15:00:00,Chelsea,Fulham,1,2,1.55626,1.77929,2024-2025
2024-12-26 15:00:00,Newcastle,Aston Villa,3,0,2.82867,0.225522,2024-2025
2024-12-26 15:00:00,Nottingham Forest,Tottenham,1,0,1.30018,1.05758,2024-2025
2024-12-26 15:00:00,Southampton,West Ham,0,1,2.19833,1.90111,2024-2025
2024-12-26 17:30:00,Wolves,Manchester United,2,0,0.826489,0.358876,2024-2025
2024-12-26 20:00:00,Liverpool,Leicester,3,1,1.89935,0.22097,2024-2025
2024-12-27 19:30:00,Brighton,Brentford,0,0,1.33538,0.961233,2024-2025
2024-12-27 20:15:00,Arsenal,Ipswich,1,0,2.16462,0.0783327,2024-2025
2024-12-29 14:30:00,Leicester,Manchester City,0,2,1.84208,1.58002,2024-2025
2024-12-29 15:00:00,Crystal Palace,Southampton,2,1,3.05417,1.21853,2024-2025
2024-12-29 15:00:00,Everton,Nottingham Forest,0,2,0.615191,2.02753,2024-2025
2024-12-29 15:00:00,Fulham,Bournemouth,2,2,0.961566,1.70692,2024-2025
2024-12-29 15:00:00,Tottenham,Wolves,2,2,2.28433,0.640697,2024-2025
2024-12-29 17:15:00,West Ham,Liverpool,0,5,0.518279,3.29868,2024-2025
2024-12-30 19:45:00,Aston Villa,Brighton,2,2,1.87997,0.938042,2024-2025
2024-12-30 19:45:00,Ipswich,Chelsea,2,0,1.50093,1.60622,2024-2025
2024-12-30 20:00:00,Manchester United,Newcastle,0,2,1.00073,2.2424,2024-2025
2025-01-01 17:30:00,Brentford,Arsenal,1,3,0.272604,1.99848,2024-2025
2025-01-04 12:30:00,Tottenham,Newcastle,1,2,1.00333,2.42963,2024-2025
2025-01-04 15:00:00,Bournemouth,Everton,1,0,2.61852,0.561015,2024-2025
2025-01-04 15:00:00,Aston Villa,Leicester,2,1,2.3456,0.81548,2024-2025
2025-01-04 15:00:00,Crystal Palace,Chelsea,1,1,1.2766,1.51541,2024-2025
2025-01-04 15:00:00,Manchester City,West Ham,4,1,1.97986,1.53286,2024-2025
2025-01-04 15:00:00,Southampton,Brentford,0,5,0.249614,5.54874,2024-2025
2025-01-04 17:30:00,Brighton,Arsenal,1,1,1.76513,1.81142,2024-2025
2025-01-05 14:00:00,Fulham,Ipswich,2,2,2.65469,1.4434,2024-2025
2025-01-05 16:30:00,Liverpool,Manchester United,2,2,2.862,1.67469,2024-2025
2025-01-06 20:00:00,Wolves,Nottingham Forest,0,3,1.90463,2.57227,2024-2025
2025-01-14 19:30:00,Brentford,Manchester City,2,2,2.39088,2.65315,2024-2025
2025-01-14 19:30:00,West Ham,Fulham,3,2,0.937322,2.83581,2024-2025
2025-01-14 19:30:00,Chelsea,Bournemouth,2,2,2.53808,1.14845,2024-2025
2025-01-14 20:00:00,Nottingham Forest,Liverpool,1,1,0.5292,2.72291,2024-2025
2025-01-15 19:30:00,Everton,Aston Villa,0,1,1.23126,1.28522,2024-2025
2025-01-15 19:30:00,Leicester,Crystal Palace,0,2,2.09904,2.2647,2024-2025
2025-01-15 19:30:00,Newcastle,Wolves,3,0,2.13327,1.47433,2024-2025
2025-01-15 20:00:00,Arsenal,Tottenham,2,1,2.25501,0.777071,2024-2025
2025-01-16 19:30:00,Ipswich,Brighton,0,2,0.268127,1.06343,2024-2025
2025-01-16 20:00:00,Manchester United,Southampton,3,1,3.10847,1.36705,2024-2025
2025-01-18 12:30:00,Newcastle,Bournemouth,1,4,0.837801,2.70174,2024-2025
2025-01-18 15:00:00,Brentford,Liverpool,0,2,1.20021,4.16249,2024-2025
2025-01-18 15:00:00,Leicester,Fulham,0,2,0.676934,2.36823,2024-2025
2025-01-18 15:00:00,West Ham,Crystal Palace,0,2,0.221062,1.62561,2024-2025
2025-01-18 17:30:00,Arsenal,Aston Villa,2,2,1.64458,1.20602,2024-2025
2025-01-19 14:00:00,Everton,Tottenham,3,2,2.56089,1.35719,2024-2025
2025-01-19 14:00:00,Manchester United,Brighton,1,3,1.31823,2.17172,2024-2025
2025-01-19 14:00:00,Nottingham Forest,Southampton,3,2,2.36419,1.25922,2024-2025
2025-01-19 16:30:00,Ipswich,Manchester City,0,6,0.795637,3.20228,2024-2025
2025-01-20 20:00:00,Chelsea,Wolves,3,1,3.14882,1.06726,2024-2025
2025-01-25 15:00:00,Bournemouth,Nottingham Forest,5,0,2.8254,0.996166,2024-2025
2025-01-25 15:00:00,Brighton,Everton,0,1,0.64378,0.870883,2024-2025
2025-01-25 15:00:00,Liverpool,Ipswich,4,1,2.16809,0.804707,2024-2025
2025-01-25 15:00:00,Southampton,Newcastle,1,3,0.825621,3.08319,2024-2025
2025-01-25 15:00:00,Wolves,Arsenal,0,1,0.514724,0.887358,2024-2025
2025-01-25 17:30:00,Manchester City,Chelsea,3,1,2.23213,1.49843,2024-2025
2025-01-26 14:00:00,Crystal Palace,Brentford,1,2,1.23177,1.92037,2024-2025
2025-01-26 14:00:00,Tottenham,Leicester,1,2,1.27483,1.40469,2024-2025
2025-01-26 16:30:00,Aston Villa,West Ham,1,1,0.907851,1.67886,2024-2025
2025-01-26 19:00:00,Fulham,Manchester United,0,1,0.560571,0.201988,2024-2025
2025-02-01 12:30:00,Nottingham Forest,Brighton,7,0,4.0677,0.756296,2024-2025
2025-02-01 15:00:00,Bournemouth,Liverpool,0,2,1.65273,2.7219,2024-2025
2025-02-01 15:00:00,Everton,Leicester,4,0,3.11261,0.447136,2024-2025
2025-02-01 15:00:00,Ipswich,Southampton,1,2,1.94845,1.17566,2024-2025
2025-02-01 15:00:00,Newcastle,Fulham,1,2,1.22716,1.60881,2024-2025
2025-02-01 17:30:00,Wolves,Aston Villa,2,0,2.00146,0.742809,2024-2025
2025-02-02 14:00:00,Brentford,Tottenham,0,2,1.66475,0.945355,2024-2025
2025-02-02 14:00:00,Manchester United,Crystal Palace,0,2,1.50706,2.44633,2024-2025
2025-02-02 16:30:00,Arsenal,Manchester City,5,1,1.53202,0.743191,2024-2025
2025-02-03 20:00:00,Chelsea,West Ham,2,1,1.39066,1.1868,2024-2025
2025-02-12 19:30:00,Everton,Liverpool,2,2,0.910523,0.929103,2024-2025
2025-02-14 20:00:00,Brighton,Chelsea,3,0,2.06892,0.649788,2024-2025
2025-02-15 12:30:00,Leicester,Arsenal,0,2,0.233209,1.75,2024-2025
2025-02-15 15:00:00,Aston Villa,Ipswich,1,1,2.89841,0.332864,2024-2025
2025-02-15 15:00:00,Fulham,Nottingham Forest,2,1,2.20993,0.331301,2024-2025
2025-02-15 15:00:00,Manchester City,Newcastle,4,0,2.12004,0.157211,2024-2025
2025-02-15 15:00:00,Southampton,Bournemouth,1,3,0.974418,2.08722,2024-2025
2025-02-15 15:00:00,West Ham,Brentford,0,1,0.673466,1.96499,2024-2025
2025-02-15 17:30:00,Crystal Palace,Everton,1,2,2.30646,1.01565,2024-2025
2025-02-16 14:00:00,Liverpool,Wolves,2,1,1.86758,1.05329,2024-2025
2025-02-16 16:30:00,Tottenham,Manchester United,1,0,1.97109,1.42652,2024-2025
2025-02-19 15:00:00,Aston Villa,Liverpool,2,2,1.02269,2.04279,2024-2025
2025-02-21 20:00:00,Leicester,Brentford,0,4,0.727901,2.03465,2024-2025
2025-02-22 12:30:00,Everton,Manchester United,2,2,2.10444,0.645685,2024-2025
2025-02-22 15:00:00,Bournemouth,Wolves,0,1,0.629691,2.10124,2024-2025
2025-02-22 15:00:00,Arsenal,West Ham,0,1,1.37264,1.02684,2024-2025
2025-02-22 15:00:00,Fulham,Crystal Palace,0,2,0.23426,1.46203,2024-2025
2025-02-22 15:00:00,Ipswich,Tottenham,1,4,1.15389,1.58741,2024-2025
2025-02-22 15:00:00,Southampton,Brighton,0,4,0.154147,5.12018,2024-2025
2025-02-22 17:30:00,Aston Villa,Chelsea,2,1,2.69413,2.17418,2024-2025
2025-02-23 14:00:00,Newcastle,Nottingham Forest,4,3,3.45858,2.38603,2024-2025
2025-02-23 16:30:00,Manchester City,Liverpool,0,2,0.58248,0.807058,2024-2025
2025-02-25 19:30:00,Brighton,Bournemouth,2,1,2.57927,1.70169,2024-2025
2025-02-25 19:30:00,Wolves,Fulham,1,2,0.928973,1.43473,2024-2025
2025-02-25 19:30:00,Crystal Palace,Aston Villa,4,1,4.02522,0.667217,2024-2025
2025-02-25 20:15:00,Chelsea,Southampton,4,0,2.98234,0.845039,2024-2025
2025-02-26 19:30:00,Brentford,Everton,1,1,1.34009,1.44955,2024-2025
2025-02-26 19:30:00,Nottingham Forest,Arsenal,0,0,0.508611,1.31766,2024-2025
2025-02-26 19:30:00,Tottenham,Manchester City,0,1,1.28426,2.38641,2024-2025
2025-02-26 19:30:00,Manchester United,Ipswich,3,2,1.40202,1.04498,2024-2025
2025-02-26 20:15:00,Liverpool,Newcastle,2,0,1.40027,0.45882,2024-2025
2025-02-27 20:00:00,West Ham,Leicester,2,0,1.70437,0.289578,2024-2025
2025-03-08 12:30:00,Nottingham Forest,Manchester City,1,0,0.501476,0.721234,2024-2025
2025-03-08 15:00:00,Brighton,Fulham,2,1,1.94417,0.708227,2024-2025
2025-03-08 15:00:00,Crystal Palace,Ipswich,1,0,3.13879,1.63282,2024-2025
2025-03-08 15:00:00,Liverpool,Southampton,3,1,4.98996,0.511566,2024-2025
2025-03-08 17:30:00,Brentford,Aston Villa,0,1,0.637743,1.29638,2024-2025
2025-03-08 20:00:00,Wolves,Everton,1,1,0.812432,1.3672,2024-2025
2025-03-09 14:00:00,Chelsea,Leicester,1,0,1.76844,0.108487,2024-2025
2025-03-09 14:00:00,Tottenham,Bournemouth,2,2,1.35053,2.22536,2024-2025
2025-03-09 16:30:00,Manchester United,Arsenal,1,1,1.31107,1.82996,2024-2025
2025-03-10 20:00:00,West Ham,Newcastle,0,1,0.823986,1.62976,2024-2025
2025-03-15 15:00:00,Everton,West Ham,1,1,1.189,0.516029,2024-2025
2025-03-15 15:00:00,Ipswich,Nottingham Forest,2,4,0.520839,1.30722,2024-2025
2025-03-15 15:00:00,Manchester City,Brighton,2,2,2.02642,2.11119,2024-2025
2025-03-15 15:00:00,Southampton,Wolves,1,2,1.2821,0.540718,2024-2025
2025-03-15 17:30:00,Bournemouth,Brentford,1,2,2.02714,1.60321,2024-2025
2025-03-16 13:30:00,Arsenal,Chelsea,1,0,0.695725,0.286036,2024-2025
2025-03-16 13:30:00,Fulham,Tottenham,2,0,1.03966,1.40865,2024-2025
2025-03-16 19:00:00,Leicester,Manchester United,0,3,1.30455,1.13892,2024-2025
2025-04-01 19:45:00,Arsenal,Fulham,2,1,2.30189,1.44206,2024-2025
2025-04-01 19:45:00,Wolves,West Ham,1,0,1.10359,1.73057,2024-2025
2025-04-01 20:00:00,Nottingham Forest,Manchester United,1,0,0.512063,1.86688,2024-2025
2025-04-02 19:45:00,Brighton,Aston Villa,0,3,0.558009,1.20715,2024-2025
2025-04-02 19:45:00,Bournemouth,Ipswich,1,2,1.99637,1.41263,2024-2025
2025-04-02 19:45:00,Manchester City,Leicester,2,0,2.07165,0.104741,2024-2025
2025-04-02 19:45:00,Newcastle,Brentford,2,1,2.26584,1.53201,2024-2025
2025-04-02 19:45:00,Southampton,Crystal Palace,1,1,0.687304,0.93776,2024-2025
2025-04-02 20:00:00,Liverpool,Everton,1,0,1.29718,0.823136,2024-2025
2025-04-03 19:00:00,Chelsea,Tottenham,1,0,1.30443,1.40274,2024-2025
2025-04-05 11:30:00,Everton,Arsenal,1,1,1.22875,1.4031,2024-2025
2025-04-05 14:00:00,Crystal Palace,Brighton,2,1,0.443965,1.27226,2024-2025
2025-04-05 14:00:00,Ipswich,Wolves,1,2,0.872356,2.8096,2024-2025
2025-04-05 14:00:00,West Ham,Bournemouth,2,2,0.907832,1.94869,2024-2025
2025-04-05 16:30:00,Aston Villa,Nottingham Forest,2,1,2.63349,0.96769,2024-2025
2025-04-06 13:00:00,Brentford,Chelsea,0,0,1.36123,1.47829,2024-2025
2025-04-06 13:00:00,Fulham,Liverpool,3,2,1.72764,1.40638,2024-2025
2025-04-06 13:00:00,Tottenham,Southampton,3,1,2.648,0.780439,2024-2025
2025-04-06 15:30:00,Manchester United,Manchester City,0,0,1.23317,0.687894,2024-2025
2025-04-07 19:00:00,Leicester,Newcastle,0,3,0.354575,3.44111,2024-2025
2025-04-12 11:30:00,Manchester City,Crystal Palace,5,2,4.59724,1.33808,2024-2025
2025-04-12 14:00:00,Brighton,Leicester,2,2,3.6978,1.98444,2024-2025
2025-04-12 14:00:00,Nottingham Forest,Everton,0,1,0.423949,1.26036,2024-2025
2025-04-12 14:00:00,Southampton,Aston Villa,0,3,0.412256,2.99927,2024-2025
2025-04-12 16:30:00,Arsenal,Brentford,1,1,0.767369,0.588583,2024-2025
2025-04-13 13:00:00,Chelsea,Ipswich,2,2,2.90758,1.60301,2024-2025
2025-04-13 13:00:00,Liverpool,West Ham,2,1,1.42902,1.46598,2024-2025
2025-04-13 13:00:00,Wolves,Tottenham,4,2,2.22977,1.62887,2024-2025
2025-04-13 15:30:00,Newcastle,Manchester United,4,1,2.6383,0.786568,2024-2025
2025-04-14 19:00:00,Bournemouth,Fulham,1,0,1.8577,1.07203,2024-2025
2025-04-16 18:30:00,Newcastle,Crystal Palace,5,0,2.32947,2.37548,2024-2025
2025-04-19 14:00:00,Brentford,Brighton,4,2,2.95516,1.24107,2024-2025
2025-04-19 14:00:00,Crystal Palace,Bournemouth,0,0,0.337818,0.664093,2024-2025
2025-04-19 14:00:00,Everton,Manchester City,0,2,0.81683,1.87989,2024-2025
2025-04-19 14:00:00,West Ham,Southampton,1,1,0.98423,0.922877,2024-2025
2025-04-19 16:30:00,Aston Villa,Newcastle,4,1,3.05371,1.27176,2024-2025
2025-04-20 13:00:00,Fulham,Chelsea,1,2,0.306122,0.75172,2024-2025
2025-04-20 13:00:00,Ipswich,Arsenal,0,4,0.192879,2.81362,2024-2025
2025-04-20 13:00:00,Manchester United,Wolves,0,1,1.13966,0.187814,2024-2025
2025-04-20 15:30:00,Leicester,Liverpool,0,1,0.232205,4.52706,2024-2025
2025-04-21 19:00:00,Tottenham,Nottingham Forest,1,2,2.4024,0.557682,2024-2025
2025-04-22 19:00:00,Manchester City,Aston Villa,2,1,1.36232,1.85906,2024-2025
2025-04-23 19:00:00,Arsenal,Crystal Palace,2,2,1.92149,2.50515,2024-2025
2025-04-26 11:30:00,Chelsea,Everton,1,0,0.768313,0.916838,2024-2025
2025-04-26 14:00:00,Brighton,West Ham,3,2,1.29433,1.24134,2024-2025
2025-04-26 14:00:00,Newcastle,Ipswich,3,0,4.11539,0.127203,2024-2025
2025-04-26 14:00:00,Southampton,Fulham,1,2,0.935581,1.9956,2024-2025
2025-04-26 14:00:00,Wolves,Leicester,3,0,2.57666,1.04978,2024-2025
2025-04-27 13:00:00,Bournemouth,Manchester United,1,1,0.60995,1.91039,2024-2025
2025-04-27 15:30:00,Liverpool,Tottenham,5,1,2.51104,0.512812,2024-2025
2025-05-01 18:30:00,Nottingham Forest,Brentford,0,2,0.670607,1.52054,2024-2025
2025-05-02 19:00:00,Manchester City,Wolves,1,0,0.859463,0.622455,2024-2025
2025-05-03 11:30:00,Aston Villa,Fulham,1,0,1.29013,0.702787,2024-2025
2025-05-03 14:00:00,Everton,Ipswich,2,2,0.808481,1.14351,2024-2025
2025-05-03 14:00:00,Leicester,Southampton,2,0,1.60739,0.550774,2024-2025
2025-05-03 16:30:00,Arsenal,Bournemouth,1,2,2.05484,1.41783,2024-2025
2025-05-04 13:00:00,West Ham,Tottenham,1,1,1.15166,0.847022,2024-2025
2025-05-04 13:00:00,Brighton,Newcastle,1,1,0.687863,1.63777,2024-2025
2025-05-04 13:00:00,Brentford,Manchester United,4,3,3.58737,1.13404,2024-2025
2025-05-04 15:30:00,Chelsea,Liverpool,3,1,3.51944,1.4267,2024-2025
2025-05-05 19:00:00,Crystal Palace,Nottingham Forest,1,1,2.34037,0.63684,2024-2025
2025-05-10 14:00:00,Fulham,Everton,1,3,1.20869,1.32604,2024-2025
2025-05-10 14:00:00,Ipswich,Brentford,0,1,0.717433,1.32077,2024-2025
2025-05-10 14:00:00,Southampton,Manchester City,0,0,0.136995,1.58463,2024-2025
2025-05-10 14:00:00,Wolves,Brighton,0,2,0.73395,1.41254,2024-2025
2025-05-10 16:30:00,Bournemouth,Aston Villa,0,1,1.02272,1.12376,2024-2025
2025-05-11 11:00:00,Newcastle,Chelsea,2,0,1.6703,0.646426,2024-2025
2025-05-11 13:15:00,Manchester United,West Ham,0,2,2.31287,2.15985,2024-2025
2025-05-11 13:15:00,Nottingham Forest,Leicester,2,2,1.76909,1.22949,2024-2025
2025-05-11 13:15:00,Tottenham,Crystal Palace,0,2,0.806792,3.98546,2024-2025
2025-05-11 15:30:00,Liverpool,Arsenal,2,2,2.74682,2.18795,2024-2025
2025-05-16 18:30:00,Aston Villa,Tottenham,2,0,1.69061,0.523016,2024-2025
2025-05-16 19:15:00,Chelsea,Manchester United,1,0,1.29571,0.337632,2024-2025
2025-05-18 11:00:00,Everton,Southampton,2,0,2.67793,1.05025,2024-2025
2025-05-18 13:15:00,West Ham,Nottingham Forest,1,2,0.850457,2.14756,2024-2025
2025-05-18 14:00:00,Brentford,Fulham,2,3,2.43045,1.61741,2024-2025
2025-05-18 14:00:00,Leicester,Ipswich,2,0,0.788544,1.36957,2024-2025
2025-05-18 15:30:00,Arsenal,Newcastle,1,0,1.15958,2.24634,2024-2025
2025-05-19 19:00:00,Brighton,Liverpool,3,2,2.17789,3.065,2024-2025
2025-05-20 19:00:00,Crystal Palace,Wolves,4,2,1.68451,1.42886,2024-2025
2025-05-20 19:00:00,Manchester City,Bournemouth,3,1,1.59779,0.962014,2024-2025
2025-05-25 15:00:00,Nottingham Forest,Chelsea,0,1,1.58014,1.30874,2024-2025
2025-05-25 15:00:00,Newcastle,Everton,0,1,1.1591,1.07279,2024-2025
2025-05-25 15:00:00,Manchester United,Aston Villa,2,0,2.96259,0.335222,2024-2025
2025-05-25 15:00:00,Liverpool,Crystal Palace,1,1,1.92122,1.4144,2024-2025
2025-05-25 15:00:00,Tottenham,Brighton,1,4,1.85265,3.11624,2024-2025
2025-05-25 15:00:00,Southampton,Arsenal,1,2,0.598144,2.40711,2024-2025
2025-05-25 15:00:00,Wolves,Brentford,1,1,1.10889,1.97196,2024-2025
2025-05-25 15:00:00,Bournemouth,Leicester,2,0,2.72449,0.156702,2024-2025
2025-05-25 15:00:00,Ipswich,West Ham,1,3,0.893095,0.967379,2024-2025
2025-05-25 15:00:00,Fulham,Manchester City,0,2,2.21797,2.45923,2024-2025
